legacy_code,description,manufacturer,category,unit,specifications
B-2001,Stainless Steel Hex Bolt M10-50 DIN 933,Fastenal Corp,Fasteners,EA,
B-2003,Mild Steel Nut M10 DIN 934,Fastenal Corp,Fasteners,EA,
B-2004,Galvanized Washer 10mm,Fastenal Corp,Fasteners,EA,
B-2005,SS Hex Bolt M10 x 80mm DIN 933,Fastenal Corp,Fasteners,EA,
B-2006,CSK Screw M6-20mm,Fastenal Corp,Fasteners,EA,
B-2007,PVC Pipe 2 inch,Finolex,Piping,MTR,
B-2008,Aluminum Bracket L Type 50 mm,Hindalco Ltd,Structural,EA,
B-2009,Brass Nipple 1/2 BSP,Precision Brass Co,Piping,EA,
B-2010,SS Hex Bolt M12 x 60 mm DIN933,Fastenal Corp,Fasteners,EA,
